name,email,age
Alice,alice@example.com,25
Bob,bob@example.com,30
Charlie,charlie@example.com,28
David,david@example.com,32
Eve,eve@example.com,27
Frank,frank@example.com,35
Grace,grace@example.com,29
Henry,henry@example.com,31
Iris,iris@example.com,26
Jack,jack@example.com,33
Karen,karen@example.com,28
Liam,liam@example.com,30
Mia,mia@example.com,27
Noah,noah@example.com,32
Olivia,olivia@example.com,29
Penelope,penelope@example.com,31
Quinn,quinn@example.com,26
Riley,riley@example.com,33
Sophia,sophia@example.com,28
Thomas,thomas@example.com,30
Uma,uma@example.com,27
Vivian,vivian@example.com,32
William,william@example.com,29
Xavier,xavier@example.com,31
Yasmine,yasmine@example.com,26
Zachary,zachary@example.com,33
Zoe,zoe@example.com,28